{"datetime": "09-09-2024-14-59-52", "training_dataset_shape": "(6597, 32)", "test_dataset_shape": "(733, 32)", "number_of_attributes": 32, "n_epoch": 500, "accuracy_train": 0.9728664755821228, "train_max": 0.9728664755821228, "train_min": 0.9728664755821228, "train_std": 0.0, "accuracy_test": 0.9631651043891907, "test_max": 0.9631651043891907, "test_min": 0.9631651043891907, "test_std": 0.0, "accuracies_train": [0.9728664755821228], "accuracies_test": [0.9631651043891907]}