{"datetime": "09-09-2024-13-23-52", "training_dataset_shape": "(594, 32)", "test_dataset_shape": "(357, 32)", "number_of_attributes": 32, "n_epoch": 250, "accuracy_train": 0.9986531972885132, "train_max": 1.0, "train_min": 0.996632993221283, "train_std": 0.0016494897136697644, "accuracy_test": 0.9980392158031464, "test_max": 1.0, "test_min": 0.994397759437561, "test_std": 0.002521008253097534, "accuracies_train": [1.0, 0.996632993221283, 0.996632993221283, 0.996632993221283, 1.0, 1.0, 1.0, 1.0, 1.0, 0.996632993221283], "accuracies_test": [1.0, 0.994397759437561, 0.9971988797187805, 0.994397759437561, 1.0, 1.0, 1.0, 1.0, 1.0, 0.994397759437561]}