{"datetime": "12-06-2024-15-09-37", "training_dataset_shape": "(6597, 32)", "test_dataset_shape": "(733, 32)", "number_of_attributes": 32, "n_epoch": 500, "accuracy_train": 0.657162344455719, "train_max": 0.6624222993850708, "train_min": 0.6486281752586365, "train_std": 0.003957496554460719, "accuracy_test": 0.5811732590198517, "test_max": 0.5907230377197266, "test_min": 0.5593451857566833, "test_std": 0.009491140272575263, "accuracies_train": [0.6607548594474792, 0.654539942741394, 0.6599969863891602, 0.6540852189064026, 0.6486281752586365, 0.6587842702865601, 0.6604517102241516, 0.6624222993850708, 0.6548430919647217, 0.6571168899536133], "accuracies_test": [0.5784447193145752, 0.5852660536766052, 0.5716234445571899, 0.577080488204956, 0.5852660536766052, 0.5907230377197266, 0.5907230377197266, 0.5907230377197266, 0.5593451857566833, 0.5825375318527222]}