{"datetime": "12-06-2024-15-21-36", "training_dataset_shape": "(6597, 32)", "test_dataset_shape": "(733, 32)", "number_of_attributes": 32, "n_epoch": 500, "accuracy_train": 0.896513557434082, "train_max": 0.9013187885284424, "train_min": 0.8878278136253357, "train_std": 0.0036969390716976654, "accuracy_test": 0.5791268765926361, "test_max": 0.5893588066101074, "test_min": 0.5634379386901855, "test_std": 0.009785630370305975, "accuracies_train": [0.898893415927887, 0.9013187885284424, 0.8999544978141785, 0.8958617448806763, 0.8961648941040039, 0.8969228267669678, 0.8960133194923401, 0.8991966247558594, 0.8929816484451294, 0.8878278136253357], "accuracies_test": [0.5866302847862244, 0.5893588066101074, 0.5702592134475708, 0.5852660536766052, 0.5879945158958435, 0.5675306916236877, 0.5825375318527222, 0.5893588066101074, 0.5634379386901855, 0.5688949227333069]}