{"datetime": "24-06-2024-15-36-22", "training_dataset_shape": "(237, 32)", "test_dataset_shape": "(60, 32)", "number_of_attributes": 32, "n_epoch": 250, "accuracy_train": 0.9831223487854004, "train_max": 0.9957805871963501, "train_min": 0.9746835231781006, "train_std": 0.008438825607299805, "accuracy_test": 0.7700000047683716, "test_max": 0.800000011920929, "test_min": 0.7166666388511658, "test_std": 0.026666679233314845, "accuracies_train": [0.9746835231781006, 0.9915611743927002, 0.9746835231781006, 0.9746835231781006, 0.9873417615890503, 0.9957805871963501, 0.9789029359817505, 0.9831223487854004, 0.9746835231781006, 0.9957805871963501], "accuracies_test": [0.7666666507720947, 0.7833333611488342, 0.800000011920929, 0.7166666388511658, 0.75, 0.800000011920929, 0.7833333611488342, 0.800000011920929, 0.75, 0.75]}