{"datetime": "11-06-2024-15-51-47", "training_dataset_shape": "(2383, 32)", "test_dataset_shape": "(500, 32)", "number_of_attributes": 32, "n_epoch": 500, "accuracy_train": 0.9456567287445068, "train_max": 0.9492236971855164, "train_min": 0.9404112696647644, "train_std": 0.0026357217846458125, "accuracy_test": 0.8492000043392182, "test_max": 0.8600000143051147, "test_min": 0.8420000076293945, "test_std": 0.00483322029160403, "accuracies_train": [0.9492236971855164, 0.9446076154708862, 0.9479647278785706, 0.9458665251731873, 0.9433487057685852, 0.9458665251731873, 0.9471254944801331, 0.9433487057685852, 0.9488040208816528, 0.9404112696647644], "accuracies_test": [0.8479999899864197, 0.8600000143051147, 0.8500000238418579, 0.8479999899864197, 0.8500000238418579, 0.8500000238418579, 0.8460000157356262, 0.843999981880188, 0.8420000076293945, 0.8539999723434448]}