{"datetime": "24-06-2024-15-35-02", "training_dataset_shape": "(237, 32)", "test_dataset_shape": "(60, 32)", "number_of_attributes": 32, "n_epoch": 500, "accuracy_train": 1.0, "train_max": 1.0, "train_min": 1.0, "train_std": 0.0, "accuracy_test": 0.7883333444595337, "test_max": 0.8166666626930237, "test_min": 0.75, "test_std": 0.01833333535628398, "accuracies_train": [1.0, 1.0, 1.0, 1.0, 1.0, 1.0, 1.0, 1.0, 1.0, 1.0], "accuracies_test": [0.800000011920929, 0.8166666626930237, 0.800000011920929, 0.800000011920929, 0.800000011920929, 0.7833333611488342, 0.7666666507720947, 0.7833333611488342, 0.7833333611488342, 0.75]}