{"datetime": "19-06-2024-14-49-27", "training_dataset_shape": "(6690, 1)", "test_dataset_shape": "(744, 1)", "number_of_attributes": 1, "n_epoch": 500, "accuracy_train": 0.9197309613227844, "train_max": 0.9197309613227844, "train_min": 0.9197309613227844, "train_std": 0.0, "accuracy_test": 0.9193548560142517, "test_max": 0.9193548560142517, "test_min": 0.9193548560142517, "test_std": 0.0, "accuracies_train": [0.9197309613227844, 0.9197309613227844, 0.9197309613227844, 0.9197309613227844, 0.9197309613227844, 0.9197309613227844, 0.9197309613227844, 0.9197309613227844, 0.9197309613227844, 0.9197309613227844], "accuracies_test": [0.9193548560142517, 0.9193548560142517, 0.9193548560142517, 0.9193548560142517, 0.9193548560142517, 0.9193548560142517, 0.9193548560142517, 0.9193548560142517, 0.9193548560142517, 0.9193548560142517]}