{"datetime": "26-07-2024-15-19-04", "training_dataset_shape": "(6597, 32)", "test_dataset_shape": "(733, 32)", "number_of_attributes": 32, "n_epoch": 500, "accuracy_train": 0.9821130752563476, "train_max": 0.9828709959983826, "train_min": 0.9810519814491272, "train_std": 0.0005162777762255255, "accuracy_test": 0.9533424377441406, "test_max": 0.9577080607414246, "test_min": 0.9481582641601562, "test_std": 0.002425154526460608, "accuracies_train": [0.9819614887237549, 0.9819614887237549, 0.9828709959983826, 0.9824162721633911, 0.9810519814491272, 0.9822646379470825, 0.9821130633354187, 0.9819614887237549, 0.9828709959983826, 0.9816583395004272], "accuracies_test": [0.9536153078079224, 0.9536153078079224, 0.9481582641601562, 0.9522510170936584, 0.9536153078079224, 0.9522510170936584, 0.9563437700271606, 0.9522510170936584, 0.9536153078079224, 0.9577080607414246]}