{"datetime": "19-06-2024-14-53-51", "training_dataset_shape": "(6690, 32)", "test_dataset_shape": "(744, 32)", "number_of_attributes": 32, "n_epoch": 500, "accuracy_train": 0.9998355627059936, "train_max": 0.9998505115509033, "train_min": 0.9997010231018066, "train_std": 4.4846534729003905e-05, "accuracy_test": 0.9986559152603149, "test_max": 0.9986559152603149, "test_min": 0.9986559152603149, "test_std": 0.0, "accuracies_train": [0.9998505115509033, 0.9998505115509033, 0.9998505115509033, 0.9998505115509033, 0.9998505115509033, 0.9998505115509033, 0.9998505115509033, 0.9998505115509033, 0.9997010231018066, 0.9998505115509033], "accuracies_test": [0.9986559152603149, 0.9986559152603149, 0.9986559152603149, 0.9986559152603149, 0.9986559152603149, 0.9986559152603149, 0.9986559152603149, 0.9986559152603149, 0.9986559152603149, 0.9986559152603149]}