{"datetime": "09-09-2024-14-49-14", "training_dataset_shape": "(6597, 32)", "test_dataset_shape": "(733, 32)", "number_of_attributes": 32, "n_epoch": 500, "accuracy_train": 0.9736243486404419, "train_max": 0.9736243486404419, "train_min": 0.9736243486404419, "train_std": 0.0, "accuracy_test": 0.9522510170936584, "test_max": 0.9522510170936584, "test_min": 0.9522510170936584, "test_std": 0.0, "accuracies_train": [0.9736243486404419], "accuracies_test": [0.9522510170936584]}