{"datetime": "09-09-2024-13-09-32", "training_dataset_shape": "(711, 32)", "test_dataset_shape": "(180, 32)", "number_of_attributes": 32, "n_epoch": 250, "accuracy_train": 1.0, "train_max": 1.0, "train_min": 1.0, "train_std": 0.0, "accuracy_test": 0.7866666674613952, "test_max": 0.8333333134651184, "test_min": 0.7166666388511658, "test_std": 0.037118430619963956, "accuracies_train": [1.0, 1.0, 1.0, 1.0, 1.0, 1.0, 1.0, 1.0, 1.0, 1.0], "accuracies_test": [0.800000011920929, 0.8166666626930237, 0.8166666626930237, 0.8333333134651184, 0.7166666388511658, 0.75, 0.800000011920929, 0.800000011920929, 0.800000011920929, 0.7333333492279053]}