{"datetime": "12-06-2024-15-23-13", "training_dataset_shape": "(6597, 32)", "test_dataset_shape": "(733, 32)", "number_of_attributes": 32, "n_epoch": 250, "accuracy_train": 0.8504168570041657, "train_max": 0.8619069457054138, "train_min": 0.8438684344291687, "train_std": 0.004907117036124857, "accuracy_test": 0.5796725690364838, "test_max": 0.5839017629623413, "test_min": 0.5675306916236877, "test_std": 0.004859895588781027, "accuracies_train": [0.8505381345748901, 0.8619069457054138, 0.8497802019119263, 0.852811872959137, 0.8453842401504517, 0.8508412837982178, 0.8476580381393433, 0.8543277382850647, 0.8438684344291687, 0.8470516800880432], "accuracies_test": [0.5825375318527222, 0.5839017629623413, 0.5811732411384583, 0.5811732411384583, 0.5839017629623413, 0.5675306916236877, 0.5825375318527222, 0.574351966381073, 0.5811732411384583, 0.5784447193145752]}