{"datetime": "26-07-2024-14-32-31", "training_dataset_shape": "(6597, 32)", "test_dataset_shape": "(733, 32)", "number_of_attributes": 32, "n_epoch": 500, "accuracy_train": 0.9817644357681274, "train_max": 0.9824162721633911, "train_min": 0.9809004068374634, "train_std": 0.000469909560542088, "accuracy_test": 0.9530695796012878, "test_max": 0.9604365825653076, "test_min": 0.9481582641601562, "test_std": 0.0035154415023308325, "accuracies_train": [0.9818099141120911, 0.9819614887237549, 0.9810519814491272, 0.9816583395004272, 0.9809004068374634, 0.9815067648887634, 0.9819614887237549, 0.9824162721633911, 0.9821130633354187, 0.9822646379470825], "accuracies_test": [0.9495224952697754, 0.9508867859840393, 0.9536153078079224, 0.9522510170936584, 0.9563437700271606, 0.9563437700271606, 0.9522510170936584, 0.9481582641601562, 0.9508867859840393, 0.9604365825653076]}