{"datetime": "09-09-2024-13-28-21", "training_dataset_shape": "(594, 32)", "test_dataset_shape": "(417, 32)", "number_of_attributes": 32, "n_epoch": 250, "accuracy_train": 0.9973063945770264, "train_max": 1.0, "train_min": 0.9932659864425659, "train_std": 0.0020202040672302247, "accuracy_test": 0.9942446172237396, "test_max": 1.0, "test_min": 0.9856114983558655, "test_std": 0.004316544532796455, "accuracies_train": [0.996632993221283, 0.996632993221283, 0.9932659864425659, 1.0, 0.996632993221283, 0.996632993221283, 0.996632993221283, 1.0, 0.996632993221283, 1.0], "accuracies_test": [0.9928057789802551, 0.9928057789802551, 0.9856114983558655, 1.0, 0.9928057789802551, 0.9928057789802551, 0.9928057789802551, 1.0, 0.9928057789802551, 1.0]}