{"datetime": "24-06-2024-15-20-10", "training_dataset_shape": "(237, 16)", "test_dataset_shape": "(60, 16)", "number_of_attributes": 16, "n_epoch": 500, "accuracy_train": 0.9497890472412109, "train_max": 0.9578059315681458, "train_min": 0.9367088675498962, "train_std": 0.005485236644744873, "accuracy_test": 0.848333328962326, "test_max": 0.8999999761581421, "test_min": 0.8166666626930237, "test_std": 0.028333332608731318, "accuracies_train": [0.949367105960846, 0.9535865187644958, 0.949367105960846, 0.9535865187644958, 0.949367105960846, 0.9367088675498962, 0.9578059315681458, 0.949367105960846, 0.945147693157196, 0.9535865187644958], "accuracies_test": [0.8500000238418579, 0.8166666626930237, 0.8999999761581421, 0.8833333253860474, 0.8666666746139526, 0.8166666626930237, 0.8333333134651184, 0.8333333134651184, 0.8166666626930237, 0.8666666746139526]}