{"datetime": "20-06-2024-15-07-23", "training_dataset_shape": "(11987, 16)", "test_dataset_shape": "(1332, 16)", "number_of_attributes": 16, "n_epoch": 500, "accuracy_train": 0.9998331665992737, "train_max": 0.9998331665992737, "train_min": 0.9998331665992737, "train_std": 0.0, "accuracy_test": 1.0, "test_max": 1.0, "test_min": 1.0, "test_std": 0.0, "accuracies_train": [0.9998331665992737, 0.9998331665992737, 0.9998331665992737, 0.9998331665992737, 0.9998331665992737, 0.9998331665992737, 0.9998331665992737, 0.9998331665992737, 0.9998331665992737, 0.9998331665992737], "accuracies_test": [1.0, 1.0, 1.0, 1.0, 1.0, 1.0, 1.0, 1.0, 1.0, 1.0]}