{"datetime": "12-06-2024-16-27-20", "training_dataset_shape": "(6597, 32)", "test_dataset_shape": "(733, 32)", "number_of_attributes": 32, "n_epoch": 10, "accuracy_train": 0.6268152177333832, "train_max": 0.6318023204803467, "train_min": 0.6227073073387146, "train_std": 0.0024333334324020614, "accuracy_test": 0.5605729818344116, "test_max": 0.5784447193145752, "test_min": 0.542974054813385, "test_std": 0.010451489213789824, "accuracies_train": [0.6289222240447998, 0.6227073073387146, 0.626648485660553, 0.6283159255981445, 0.6252841949462891, 0.6268000602722168, 0.6318023204803467, 0.6249810457229614, 0.6248294711112976, 0.6278611421585083], "accuracies_test": [0.5593451857566833, 0.5784447193145752, 0.5552523732185364, 0.5607094168663025, 0.5579808950424194, 0.5457025766372681, 0.542974054813385, 0.5702592134475708, 0.5702592134475708, 0.5648021697998047]}