{"datetime": "26-07-2024-15-52-22", "training_dataset_shape": "(6597, 32)", "test_dataset_shape": "(733, 32)", "number_of_attributes": 32, "n_epoch": 500, "accuracy_train": 0.9819614887237549, "train_max": 0.9819614887237549, "train_min": 0.9819614887237549, "train_std": 0.0, "accuracy_test": 0.9481582641601562, "test_max": 0.9481582641601562, "test_min": 0.9481582641601562, "test_std": 0.0, "accuracies_train": [0.9819614887237549], "accuracies_test": [0.9481582641601562]}