{"datetime": "2024-06-11 15:22:48.218581", "training_dataset_shape": "(2383, 4204)", "test_dataset_shape": "(500, 4204)", "number_of_attributes": 4204, "n_epoch": 500, "accuracy_train": 0.947503137588501, "train_max": 0.9504826068878174, "train_min": 0.9437683820724487, "train_std": 0.0020681871456366464, "accuracy_test": 0.8512000143527985, "test_max": 0.8600000143051147, "test_min": 0.8360000252723694, "test_std": 0.00670521623337042, "accuracies_train": [0.9479647278785706, 0.9504826068878174, 0.9475451111793518, 0.9467058181762695, 0.9467058181762695, 0.9437683820724487, 0.9500629305839539, 0.9458665251731873, 0.9458665251731873, 0.9500629305839539], "accuracies_test": [0.8500000238418579, 0.8500000238418579, 0.8500000238418579, 0.8560000061988831, 0.8600000143051147, 0.8600000143051147, 0.8360000252723694, 0.8460000157356262, 0.8500000238418579, 0.8539999723434448]}