{"datetime": "09-09-2024-15-09-51", "training_dataset_shape": "(6597, 32)", "test_dataset_shape": "(733, 32)", "number_of_attributes": 32, "n_epoch": 500, "accuracy_train": 0.9746854901313782, "train_max": 0.9746854901313782, "train_min": 0.9746854901313782, "train_std": 0.0, "accuracy_test": 0.9563437700271606, "test_max": 0.9563437700271606, "test_min": 0.9563437700271606, "test_std": 0.0, "accuracies_train": [0.9746854901313782], "accuracies_test": [0.9563437700271606]}